{
    "camera_matrix": [
        [
            468.247857,
            0.000000,
            606.367541
        ],
        [
            0.000000,
            471.141071,
            323.188710
        ],
        [
            0.0,
            0.0,
            1.0
        ]
    ],
    "dist_coeff": [
        [
            -0.025347,
            -0.009416,
            0.001876,
            0.007621,
            0.000000
        ]
    ]
}