{
    "camera_matrix": [
        [
            474.533673,
            0.000000,
            598.961022
        ],
        [
            0.000000,
            474.562956,
            317.519690
        ],
        [
            0.0,
            0.0,
            1.0
        ]
    ],
    "dist_coeff": [
        [
            -0.046517 ,
            -0.002937,
            0.002712,
            0.001433,
            0.000000
        ]
    ]
}