{
    "camera_matrix": [
        [
            508.8170285978581,
            0.0,
            323.0611185133864
        ],
        [
            0.0,
            519.2217667071488,
            233.85337901212844
        ],
        [
            0.0,
            0.0,
            1.0
        ]
    ],
    "dist_coeff": [
        [
            -0.849248475883707,
            1.1049827723552488,
            -0.011088316744150955,
            0.008837078776070924,
            -0.6643248512203178
        ]
    ]
}